# mass	Allowed sites	Diagnostic ions	Peptide remainder ions	Fragment remainder ions
0.0				
85.06400000000001	A			85.06400000000001
43.00581	A			43.00581
43.98983	A			43.98983
88.993534	A			88.993534
58.00547999999999	A			58.00547999999999
57.021460000000005	A			57.021460000000005
-14.01565	A			-14.01565
66.02179	A			66.02179
42.04695	A			42.04695
57.05784999999999	A			57.05784999999999
60.00337	A			60.00337
76.0313	A			76.0313
26.015649999999997	A			26.015649999999997
15.994910000000004	A			15.994910000000004
30.01056	A			30.01056
115.0422	A			115.0422
92.02618	A			92.02618
28.0313	A			28.0313
-85.06400000000001	R			-85.06400000000001
-42.05819000000001	R			-42.05819000000001
-41.07417000000001	R			-41.07417000000001
3.9295339999999896	R			3.9295339999999896
-27.058520000000016	R			-27.058520000000016
-28.04254	R			-28.04254
-99.07965000000002	R			-99.07965000000002
-19.04221000000001	R			-19.04221000000001
-43.01705000000001	R			-43.01705000000001
-28.00615000000002	R			-28.00615000000002
-25.060630000000003	R			-25.060630000000003
-9.032700000000006	R			-9.032700000000006
-59.04835000000001	R			-59.04835000000001
-69.06909	R			-69.06909
-55.05344000000001	R			-55.05344000000001
29.978199999999987	R			29.978199999999987
6.962179999999989	R			6.962179999999989
-57.032700000000006	R			-57.032700000000006
-43.00581	N			-43.00581
42.05819000000001	N			42.05819000000001
0.984020000000001	N			0.984020000000001
45.987724	N			45.987724
14.999669999999997	N			14.999669999999997
14.015650000000008	N			14.015650000000008
-57.02146	N			-57.02146
23.01598	N			23.01598
-0.9588600000000014	N			-0.9588600000000014
14.052039999999993	N			14.052039999999993
16.997560000000007	N			16.997560000000007
33.025490000000005	N			33.025490000000005
-16.990160000000003	N			-16.990160000000003
-27.010899999999992	N			-27.010899999999992
-12.99525	N			-12.99525
72.03639	N			72.03639
49.02037	N			49.02037
-14.974509999999997	N			-14.974509999999997
-43.98983	D			-43.98983
41.07417000000001	D			41.07417000000001
-0.984020000000001	D			-0.984020000000001
45.003704	D			45.003704
14.015649999999994	D			14.015649999999994
13.031630000000009	D			13.031630000000009
-58.00548	D			-58.00548
22.03196	D			22.03196
-1.9428800000000024	D			-1.9428800000000024
13.06801999999999	D			13.06801999999999
16.013540000000006	D			16.013540000000006
32.041470000000004	D			32.041470000000004
-17.974180000000004	D			-17.974180000000004
-27.994919999999997	D			-27.994919999999997
-13.97927	D			-13.97927
71.05237	D			71.05237
48.03635	D			48.03635
-15.958529999999996	D			-15.958529999999996
-88.993534	C			-88.993534
-3.9295339999999896	C			-3.9295339999999896
-45.987724	C			-45.987724
-45.003704	C			-45.003704
-30.988054000000005	C			-30.988054000000005
-31.972073999999992	C			-31.972073999999992
-103.009184	C			-103.009184
-22.971744	C			-22.971744
-46.946584	C			-46.946584
-31.93568400000001	C			-31.93568400000001
-28.990163999999996	C			-28.990163999999996
-12.962233999999995	C			-12.962233999999995
-62.977884	C			-62.977884
-72.99862399999999	C			-72.99862399999999
-58.982974	C			-58.982974
26.048666	C			26.048666
3.032646	C			3.032646
-60.962234	C			-60.962234
-58.00547999999999	E			-58.00547999999999
27.058520000000016	E			27.058520000000016
-14.999669999999997	E			-14.999669999999997
-14.015649999999994	E			-14.015649999999994
30.988054000000005	E			30.988054000000005
-0.9840199999999868	E			-0.9840199999999868
-72.02113	E			-72.02113
8.016310000000004	E			8.016310000000004
-15.958529999999996	E			-15.958529999999996
-0.9476300000000036	E			-0.9476300000000036
1.9978900000000124	E			1.9978900000000124
18.02582000000001	E			18.02582000000001
-31.98983	E			-31.98983
-42.01056999999999	E			-42.01056999999999
-27.994919999999997	E			-27.994919999999997
57.03672	E			57.03672
34.020700000000005	E			34.020700000000005
-29.97417999999999	E			-29.97417999999999
-57.021460000000005	Q			-57.021460000000005
28.04254	Q			28.04254
-14.015650000000008	Q			-14.015650000000008
-13.031630000000009	Q			-13.031630000000009
31.972073999999992	Q			31.972073999999992
0.9840199999999868	Q			0.9840199999999868
-71.03711000000001	Q			-71.03711000000001
9.000329999999991	Q			9.000329999999991
-14.97451000000001	Q			-14.97451000000001
0.036389999999983	Q			0.036389999999983
2.981909999999999	Q			2.981909999999999
19.00984	Q			19.00984
-31.00581000000001	Q			-31.00581000000001
-41.02655	Q			-41.02655
-27.010900000000007	Q			-27.010900000000007
58.02073999999999	Q			58.02073999999999
35.00471999999999	Q			35.00471999999999
-28.990160000000003	Q			-28.990160000000003
14.01565	G			14.01565
99.07965000000002	G			99.07965000000002
57.02146	G			57.02146
58.00548	G			58.00548
103.009184	G			103.009184
72.02113	G			72.02113
71.03711000000001	G			71.03711000000001
80.03744	G			80.03744
56.0626	G			56.0626
71.0735	G			71.0735
74.01902000000001	G			74.01902000000001
90.04695000000001	G			90.04695000000001
40.0313	G			40.0313
30.010560000000005	G			30.010560000000005
44.02621	G			44.02621
129.05785	G			129.05785
106.04183	G			106.04183
42.04695	G			42.04695
-66.02179	H			-66.02179
19.04221000000001	H			19.04221000000001
-23.01598	H			-23.01598
-22.03196	H			-22.03196
22.971744	H			22.971744
-8.016310000000004	H			-8.016310000000004
-9.000329999999991	H			-9.000329999999991
-80.03744	H			-80.03744
-23.97484	H			-23.97484
-8.963940000000008	H			-8.963940000000008
-6.018419999999992	H			-6.018419999999992
10.009510000000006	H			10.009510000000006
-40.00614	H			-40.00614
-50.02687999999999	H			-50.02687999999999
-36.01123	H			-36.01123
49.02041	H			49.02041
26.00439	H			26.00439
-37.99049	H			-37.99049
-57.05784999999999	K			-57.05784999999999
28.00615000000002	K			28.00615000000002
-14.052039999999993	K			-14.052039999999993
-13.06801999999999	K			-13.06801999999999
31.93568400000001	K			31.93568400000001
0.9476300000000036	K			0.9476300000000036
-0.036389999999983	K			-0.036389999999983
-71.0735	K			-71.0735
8.963940000000008	K			8.963940000000008
-15.010899999999992	K			-15.010899999999992
2.945520000000016	K			2.945520000000016
18.97345000000001	K			18.97345000000001
-31.042199999999998	K			-31.042199999999998
-41.06293999999998	K			-41.06293999999998
-27.04728999999999	K			-27.04728999999999
57.984350000000006	K			57.984350000000006
34.96833000000001	K			34.96833000000001
-29.026549999999983	K			-29.026549999999983
-60.00337	M			-60.00337
25.060630000000003	M			25.060630000000003
-16.997560000000007	M			-16.997560000000007
-16.013540000000006	M			-16.013540000000006
28.990163999999996	M			28.990163999999996
-1.9978900000000124	M			-1.9978900000000124
-2.981909999999999	M			-2.981909999999999
-74.01902000000001	M			-74.01902000000001
6.018419999999992	M			6.018419999999992
-17.95642000000001	M			-17.95642000000001
-2.945520000000016	M			-2.945520000000016
16.027929999999998	M			16.027929999999998
-33.98772000000001	M			-33.98772000000001
-44.00846	M			-44.00846
-29.99281000000001	M			-29.99281000000001
55.03882999999999	M			55.03882999999999
32.02280999999999	M			32.02280999999999
-31.97207	M			-31.97207
-76.0313	F			-76.0313
9.032700000000006	F			9.032700000000006
-33.025490000000005	F			-33.025490000000005
-32.041470000000004	F			-32.041470000000004
12.962233999999995	F			12.962233999999995
-18.02582000000001	F			-18.02582000000001
-19.00984	F			-19.00984
-90.04695000000001	F			-90.04695000000001
-10.009510000000006	F			-10.009510000000006
-33.984350000000006	F			-33.984350000000006
-18.97345000000001	F			-18.97345000000001
-16.027929999999998	F			-16.027929999999998
-50.01565000000001	F			-50.01565000000001
-60.03639	F			-60.03639
-46.02074	F			-46.02074
39.01089999999999	F			39.01089999999999
15.994879999999997	F			15.994879999999997
-48.0	F			-48.0
-26.015649999999997	P			-26.015649999999997
59.04835000000001	P			59.04835000000001
16.990160000000003	P			16.990160000000003
17.974180000000004	P			17.974180000000004
62.977884	P			62.977884
31.98983	P			31.98983
31.00581000000001	P			31.00581000000001
-40.0313	P			-40.0313
40.00614	P			40.00614
16.0313	P			16.0313
31.042199999999998	P			31.042199999999998
33.98772000000001	P			33.98772000000001
50.01565000000001	P			50.01565000000001
-10.02073999999999	P			-10.02073999999999
3.994910000000005	P			3.994910000000005
89.02655	P			89.02655
66.01053	P			66.01053
2.015650000000008	P			2.015650000000008
-15.994910000000004	S			-15.994910000000004
69.06909	S			69.06909
27.010899999999992	S			27.010899999999992
27.994919999999997	S			27.994919999999997
72.99862399999999	S			72.99862399999999
42.01056999999999	S			42.01056999999999
41.02655	S			41.02655
-30.010560000000005	S			-30.010560000000005
50.02687999999999	S			50.02687999999999
26.05203999999999	S			26.05203999999999
41.06293999999998	S			41.06293999999998
44.00846	S			44.00846
60.03639	S			60.03639
10.02073999999999	S			10.02073999999999
14.015649999999994	S			14.015649999999994
99.04729	S			99.04729
76.03126999999999	S			76.03126999999999
12.036389999999995	S			12.036389999999995
-30.01056	T			-30.01056
55.05344000000001	T			55.05344000000001
12.99525	T			12.99525
13.97927	T			13.97927
58.982974	T			58.982974
27.994919999999997	T			27.994919999999997
27.010900000000007	T			27.010900000000007
-44.02621	T			-44.02621
36.01123	T			36.01123
12.036389999999995	T			12.036389999999995
27.04728999999999	T			27.04728999999999
29.99281000000001	T			29.99281000000001
46.02074	T			46.02074
-3.994910000000005	T			-3.994910000000005
-14.015649999999994	T			-14.015649999999994
85.03164	T			85.03164
62.01562	T			62.01562
-1.9792599999999965	T			-1.9792599999999965
-115.0422	W			-115.0422
-29.978199999999987	W			-29.978199999999987
-72.03639	W			-72.03639
-71.05237	W			-71.05237
-26.048666	W			-26.048666
-57.03672	W			-57.03672
-58.02073999999999	W			-58.02073999999999
-129.05785	W			-129.05785
-49.02041	W			-49.02041
-72.99525	W			-72.99525
-57.984350000000006	W			-57.984350000000006
-55.03882999999999	W			-55.03882999999999
-39.01089999999999	W			-39.01089999999999
-89.02655	W			-89.02655
-99.04729	W			-99.04729
-85.03164	W			-85.03164
-23.01602	W			-23.01602
-87.01089999999999	W			-87.01089999999999
-92.02618	Y			-92.02618
-6.962179999999989	Y			-6.962179999999989
-49.02037	Y			-49.02037
-48.03635	Y			-48.03635
-3.032646	Y			-3.032646
-34.020700000000005	Y			-34.020700000000005
-35.00471999999999	Y			-35.00471999999999
-106.04183	Y			-106.04183
-26.00439	Y			-26.00439
-49.97923	Y			-49.97923
-34.96833000000001	Y			-34.96833000000001
-32.02280999999999	Y			-32.02280999999999
-15.994879999999997	Y			-15.994879999999997
-66.01053	Y			-66.01053
-76.03126999999999	Y			-76.03126999999999
-62.01562	Y			-62.01562
23.01602	Y			23.01602
-63.99488	Y			-63.99488
-28.0313	V			-28.0313
57.032700000000006	V			57.032700000000006
14.974509999999997	V			14.974509999999997
15.958529999999996	V			15.958529999999996
60.962234	V			60.962234
29.97417999999999	V			29.97417999999999
28.990160000000003	V			28.990160000000003
-42.04695	V			-42.04695
37.99049	V			37.99049
14.015649999999994	V			14.015649999999994
29.026549999999983	V			29.026549999999983
31.97207	V			31.97207
48.0	V			48.0
-2.015650000000008	V			-2.015650000000008
-12.036389999999995	V			-12.036389999999995
1.9792599999999965	V			1.9792599999999965
87.01089999999999	V			87.01089999999999
63.99488	V			63.99488
-42.04695	L			-42.04695
43.01705000000001	L			43.01705000000001
0.9588600000000014	L			0.9588600000000014
1.9428800000000024	L			1.9428800000000024
46.946584	L			46.946584
15.958529999999996	L			15.958529999999996
14.97451000000001	L			14.97451000000001
-56.0626	L			-56.0626
23.97484	L			23.97484
15.010899999999992	L			15.010899999999992
17.95642000000001	L			17.95642000000001
33.984350000000006	L			33.984350000000006
-16.0313	L			-16.0313
-26.05203999999999	L			-26.05203999999999
-12.036389999999995	L			-12.036389999999995
72.99525	L			72.99525
49.97923	L			49.97923
-14.015649999999994	L			-14.015649999999994
-42.04695	I			-42.04695
43.01705000000001	I			43.01705000000001
0.9588600000000014	I			0.9588600000000014
1.9428800000000024	I			1.9428800000000024
46.946584	I			46.946584
15.958529999999996	I			15.958529999999996
14.97451000000001	I			14.97451000000001
-56.0626	I			-56.0626
23.97484	I			23.97484
15.010899999999992	I			15.010899999999992
17.95642000000001	I			17.95642000000001
33.984350000000006	I			33.984350000000006
-16.0313	I			-16.0313
-26.05203999999999	I			-26.05203999999999
-12.036389999999995	I			-12.036389999999995
72.99525	I			72.99525
49.97923	I			49.97923
-14.015649999999994	I			-14.015649999999994
-57.021464	CG			
-29.992806	M			
-18.010565				
-18.010565				
-17.026549				
-1.007825	C			
-0.984016				
0.0				
0.984016	NQR			
1.003355				
2.00671				
3.010065				
12.0				
14.01565	KRDTSHE			
15.994915				
21.981943				
28.0313	KRDE			
31.989829	CYWRPKFM			
37.955882				
39.994915				
42.010565	TSCYHK			
43.005814	K			
52.911464				
53.919289				
57.021464	CKDHE			
128.094963				
226.077598	K			
79.966331	ST			-18.01056
18.010565	P			
17.026549				
79.966331	Y	216.043		
