,Gly,Ala,Ser,Pro,Val,Thr,Xle,Asn,Asp,Gln,Lys,Glu,Met,His,Phe,Arg,Cys,Tyr,Trp,Stp
Gly,0.0,-14.01565,-30.010560000000005,-40.031299999999995,-42.04695,-44.02621,-56.062599999999996,-57.02146,-58.00548,-71.03711000000001,-71.0735,-72.02113,-74.01902000000001,-80.03744,-90.04695000000001,-99.07965000000002,-45.98771450499999,-106.04183,-129.05785,57.02147
Ala,14.01565,0.0,-15.994910000000004,-26.015649999999994,-28.0313,-30.010559999999998,-42.046949999999995,-43.00581,-43.98983,-57.021460000000005,-57.05784999999999,-58.00547999999999,-60.003370000000004,-66.02179,-76.0313,-85.06400000000001,-31.97206450499999,-92.02618,-115.0422,71.03712
Ser,30.010560000000005,15.994910000000004,0.0,-10.02073999999999,-12.036389999999997,-14.015649999999994,-26.05203999999999,-27.010899999999992,-27.994919999999993,-41.02655,-41.06293999999998,-42.01056999999999,-44.00846,-50.02687999999999,-60.03639,-69.06909,-15.977154504999987,-76.03126999999999,-99.04728999999999,87.03203
Pro,40.031299999999995,26.015649999999994,10.02073999999999,0.0,-2.015650000000008,-3.9949100000000044,-16.0313,-16.990160000000003,-17.974180000000004,-31.00581000000001,-31.042199999999994,-31.989829999999998,-33.98772000000001,-40.00614,-50.01565000000001,-59.04835000000001,-5.956414504999998,-66.01053,-89.02655,97.05277
Val,42.04695,28.0313,12.036389999999997,2.015650000000008,0.0,-1.9792599999999965,-14.015649999999994,-14.974509999999995,-15.958529999999996,-28.990160000000003,-29.026549999999986,-29.97417999999999,-31.972070000000002,-37.990489999999994,-48.0,-57.032700000000006,-3.94076450499999,-63.994879999999995,-87.01089999999999,99.06842
Thr,44.02621,30.010559999999998,14.015649999999994,3.9949100000000044,1.9792599999999965,0.0,-12.036389999999997,-12.995249999999999,-13.97927,-27.010900000000007,-27.04728999999999,-27.994919999999993,-29.992810000000006,-36.01123,-46.02074,-55.05344000000001,-1.9615045049999935,-62.01562,-85.03164,101.04768
Xle,56.062599999999996,42.046949999999995,26.05203999999999,16.0313,14.015649999999994,12.036389999999997,0.0,-0.9588600000000014,-1.9428800000000024,-14.97451000000001,-15.010899999999992,-15.958529999999996,-17.95642000000001,-23.97484,-33.984350000000006,-43.01705000000001,10.074885495000004,-49.97923,-72.99525,113.08407
Asn,57.02146,43.00581,27.010899999999992,16.990160000000003,14.974509999999995,12.995249999999999,0.9588600000000014,0.0,-0.984020000000001,-14.015650000000008,-14.052039999999991,-14.999669999999995,-16.997560000000007,-23.01598,-33.025490000000005,-42.05819000000001,11.033745495000005,-49.02037,-72.03639,114.04293
Asp,58.00548,43.98983,27.994919999999993,17.974180000000004,15.958529999999996,13.97927,1.9428800000000024,0.984020000000001,0.0,-13.031630000000007,-13.06801999999999,-14.015649999999994,-16.013540000000006,-22.031959999999998,-32.041470000000004,-41.07417000000001,12.017765495000006,-48.03635,-71.05237,115.02695
Gln,71.03711000000001,57.021460000000005,41.02655,31.00581000000001,28.990160000000003,27.010900000000007,14.97451000000001,14.015650000000008,13.031630000000007,0.0,-0.03638999999998305,-0.9840199999999868,-2.981909999999999,-9.000329999999991,-19.009839999999997,-28.042540000000002,25.049395495000013,-35.00471999999999,-58.02073999999999,128.05858
Lys,71.0735,57.05784999999999,41.06293999999998,31.042199999999994,29.026549999999986,27.04728999999999,15.010899999999992,14.052039999999991,13.06801999999999,0.03638999999998305,0.0,-0.9476300000000037,-2.945520000000016,-8.963940000000008,-18.973450000000014,-28.00615000000002,25.085785494999996,-34.96833000000001,-57.984350000000006,128.09497
Glu,72.02113,58.00547999999999,42.01056999999999,31.989829999999998,29.97417999999999,27.994919999999993,15.958529999999996,14.999669999999995,14.015649999999994,0.9840199999999868,0.9476300000000037,0.0,-1.9978900000000124,-8.016310000000004,-18.02582000000001,-27.058520000000016,26.033415495,-34.020700000000005,-57.03672,129.0426
Met,74.01902000000001,60.003370000000004,44.00846,33.98772000000001,31.972070000000002,29.992810000000006,17.95642000000001,16.997560000000007,16.013540000000006,2.981909999999999,2.945520000000016,1.9978900000000124,0.0,-6.018419999999992,-16.027929999999998,-25.060630000000003,28.031305495000012,-32.02280999999999,-55.03882999999999,131.04049
His,80.03744,66.02179,50.02687999999999,40.00614,37.990489999999994,36.01123,23.97484,23.01598,22.031959999999998,9.000329999999991,8.963940000000008,8.016310000000004,6.018419999999992,0.0,-10.009510000000006,-19.04221000000001,34.049725495000004,-26.00439,-49.02041,137.05891
Phe,90.04695000000001,76.0313,60.03639,50.01565000000001,48.0,46.02074,33.984350000000006,33.025490000000005,32.041470000000004,19.009839999999997,18.973450000000014,18.02582000000001,16.027929999999998,10.009510000000006,0.0,-9.032700000000006,44.05923549500001,-15.994879999999995,-39.01089999999999,147.06842
Arg,99.07965000000002,85.06400000000001,69.06909,59.04835000000001,57.032700000000006,55.05344000000001,43.01705000000001,42.05819000000001,41.07417000000001,28.042540000000002,28.00615000000002,27.058520000000016,25.060630000000003,19.04221000000001,9.032700000000006,0.0,53.091935495000016,-6.962179999999989,-29.978199999999987,156.10112
CysCamOx,119.008578505,104.992928505,88.99801850499999,78.977278505,76.961628505,74.982368505,62.945978505,61.987118505,61.003098505,47.97146850499999,47.93507850500001,46.987448505,44.98955850499999,38.971138505,28.961628504999993,19.928928504999988,73.020864,12.966748504999998,-10.049271495,176.030048505
CysCam,103.009184,88.993534,72.99862399999999,62.977884,60.962233999999995,58.982974,46.946584,45.987724,45.003704,31.972073999999992,31.93568400000001,30.988054000000005,28.990163999999993,22.971744,12.962233999999995,3.9295339999999896,57.021469495000005,-3.0326459999999997,-26.048665999999997,160.030654
Tyr,106.04183,92.02618,76.03126999999999,66.01053,63.994879999999995,62.01562,49.97923,49.02037,48.03635,35.00471999999999,34.96833000000001,34.020700000000005,32.02280999999999,26.00439,15.994879999999995,6.962179999999989,60.054115495000005,0.0,-23.016019999999997,163.0633
Trp,129.05785,115.0422,99.04728999999999,89.02655,87.01089999999999,85.03164,72.99525,72.03639,71.05237,58.02073999999999,57.984350000000006,57.03672,55.03882999999999,49.02041,39.01089999999999,29.978199999999987,83.070135495,23.016019999999997,0.0,186.07932
