,Ala,Arg,Asn,Asp,Cys,Glu,Gln,Gly,His,Xle,Lys,Met,Phe,Pro,Ser,Thr,Trp,Tyr,Val,Stp
Ala,0,-85.064,-43.00581,-43.98983,-88.993534,-58.00548,-57.02146,14.01565,-66.02179,-42.04695,-57.05785,-60.00337,-76.0313,-26.01565,-15.99491,-30.01056,-115.0422,-92.02618,-28.0313,71.03712
Arg,85.064,0,42.05819,41.07417,-3.929534,27.05852,28.04254,99.07965,19.04221,43.01705,28.00615,25.06063,9.0327,59.04835,69.06909,55.05344,-29.9782,-6.96218,57.0327,156.10112
Asn,43.00581,-42.05819,0,-0.98402,-45.987724,-14.99967,-14.01565,57.02146,-23.01598,0.95886,-14.05204,-16.99756,-33.02549,16.99016,27.0109,12.99525,-72.03639,-49.02037,14.97451,114.04293
Asp,43.98983,-41.07417,0.98402,0,-45.003704,-14.01565,-13.03163,58.00548,-22.03196,1.94288,-13.06802,-16.01354,-32.04147,17.97418,27.99492,13.97927,-71.05237,-48.03635,15.95853,115.02695
Cys,88.993534,3.929534,45.987724,45.003704,0,30.988054,31.972074,103.009184,22.971744,46.946584,31.935684,28.990164,12.962234,62.977884,72.998624,58.982974,-26.048666,-3.032646,60.962234,160.030654
Glu,58.00548,-27.05852,14.99967,14.01565,-30.988054,0,0.98402,72.02113,-8.01631,15.95853,0.94763,-1.99789,-18.02582,31.98983,42.01057,27.99492,-57.03672,-34.0207,29.97418,129.0426
Gln,57.02146,-28.04254,14.01565,13.03163,-31.972074,-0.98402,0,71.03711,-9.00033,14.97451,-0.03639,-2.98191,-19.00984,31.00581,41.02655,27.0109,-58.02074,-35.00472,28.99016,128.05858
Gly,-14.01565,-99.07965,-57.02146,-58.00548,-103.009184,-72.02113,-71.03711,0,-80.03744,-56.0626,-71.0735,-74.01902,-90.04695,-40.0313,-30.01056,-44.02621,-129.05785,-106.04183,-42.04695,57.02147
His,66.02179,-19.04221,23.01598,22.03196,-22.971744,8.01631,9.00033,80.03744,0,23.97484,8.96394,6.01842,-10.00951,40.00614,50.02688,36.01123,-49.02041,-26.00439,37.99049,137.05891
Xle,42.04695,-43.01705,-0.95886,-1.94288,-46.946584,-15.95853,-14.97451,56.0626,-23.97484,0,-15.0109,-17.95642,-33.98435,16.0313,26.05204,12.03639,-72.99525,-49.97923,14.01565,113.08407
Lys,57.05785,-28.00615,14.05204,13.06802,-31.935684,-0.94763,0.03639,71.0735,-8.96394,15.0109,0,-2.94552,-18.97345,31.0422,41.06294,27.04729,-57.98435,-34.96833,29.02655,128.09497
Met,60.00337,-25.06063,16.99756,16.01354,-28.990164,1.99789,2.98191,74.01902,-6.01842,17.95642,2.94552,0,-16.02793,33.98772,44.00846,29.99281,-55.03883,-32.02281,31.97207,131.04049
Phe,76.0313,-9.0327,33.02549,32.04147,-12.962234,18.02582,19.00984,90.04695,10.00951,33.98435,18.97345,16.02793,0,50.01565,60.03639,46.02074,-39.0109,-15.99488,48,147.06842
Pro,26.01565,-59.04835,-16.99016,-17.97418,-62.977884,-31.98983,-31.00581,40.0313,-40.00614,-16.0313,-31.0422,-33.98772,-50.01565,0,10.02074,-3.99491,-89.02655,-66.01053,-2.01565,97.05277
Ser,15.99491,-69.06909,-27.0109,-27.99492,-72.998624,-42.01057,-41.02655,30.01056,-50.02688,-26.05204,-41.06294,-44.00846,-60.03639,-10.02074,0,-14.01565,-99.04729,-76.03127,-12.03639,87.03203
Thr,30.01056,-55.05344,-12.99525,-13.97927,-58.982974,-27.99492,-27.0109,44.02621,-36.01123,-12.03639,-27.04729,-29.99281,-46.02074,3.99491,14.01565,0,-85.03164,-62.01562,1.97926,101.04768
Trp,115.0422,29.9782,72.03639,71.05237,26.048666,57.03672,58.02074,129.05785,49.02041,72.99525,57.98435,55.03883,39.0109,89.02655,99.04729,85.03164,0,23.01602,87.0109,186.07932
Tyr,92.02618,6.96218,49.02037,48.03635,3.032646,34.0207,35.00472,106.04183,26.00439,49.97923,34.96833,32.02281,15.99488,66.01053,76.03127,62.01562,-23.01602,0,63.99488,163.0633
Val,28.0313,-57.0327,-14.97451,-15.95853,-60.962234,-29.97418,-28.99016,42.04695,-37.99049,-14.01565,-29.02655,-31.97207,-48,2.01565,12.03639,-1.97926,-87.0109,-63.99488,0,99.06842
