,A,C,D,E,F,G,H,K,L,M,N,P,Q,R,S,T,V,W,Y
GCT,,['12'],['2'],['23'],['12'],['2'],['12'],['123'],['12'],['123'],['12'],['1'],['123'],['12'],['1'],['1'],['2'],['123'],['12']
GCC,,['12'],['2'],['23'],['12'],['2'],['12'],['123'],['12'],['123'],['12'],['1'],['123'],['12'],['1'],['1'],['2'],['123'],['12']
GCA,,['123'],['23'],['2'],['123'],['2'],['123'],['12'],['12'],['123'],['123'],['1'],['12'],['12'],['1'],['1'],['2'],['123'],['123']
GCG,,['123'],['23'],['2'],['123'],['2'],['123'],['12'],['12'],['12'],['123'],['1'],['12'],['12'],['1'],['1'],['2'],['12'],['123']
TGT,['12'],,['12'],['123'],['2'],['1'],['12'],['123'],"['23', '12']",['123'],['12'],['12'],['123'],['1'],"['2', '1']",['12'],['12'],['3'],['2']
TGC,['12'],,['12'],['123'],['2'],['1'],['12'],['123'],"['23', '12']",['123'],['12'],['12'],['123'],['1'],"['2', '1']",['12'],['12'],['3'],['2']
GAT,['2'],['12'],,['3'],['12'],['2'],['1'],['13'],['12'],['123'],['1'],['12'],['13'],['12'],['12'],['12'],['2'],['123'],['1']
GAC,['2'],['12'],,['3'],['12'],['2'],['1'],['13'],['12'],['123'],['1'],['12'],['13'],['12'],['12'],['12'],['2'],['123'],['1']
GAA,['2'],['123'],['3'],,['123'],['2'],['13'],['1'],['12'],['123'],['13'],['12'],['1'],['12'],['12'],['12'],['2'],['123'],['13']
GAG,['2'],['123'],['3'],,['123'],['2'],['13'],['1'],['12'],['12'],['13'],['12'],['1'],['12'],['12'],['12'],['2'],['12'],['13']
TTT,['12'],['2'],['12'],['123'],,['12'],['12'],['123'],"['3', '1']",['13'],['12'],['12'],['123'],['12'],['2'],['12'],['1'],['23'],['2']
TTC,['12'],['2'],['12'],['123'],,['12'],['12'],['123'],"['3', '1']",['13'],['12'],['12'],['123'],['12'],['2'],['12'],['1'],['23'],['2']
GGT,['2'],['1'],['2'],['23'],['12'],,['12'],['123'],['12'],['123'],['12'],['12'],['123'],['1'],['1'],['12'],['2'],['13'],['12']
GGC,['2'],['1'],['2'],['23'],['12'],,['12'],['123'],['12'],['123'],['12'],['12'],['123'],['1'],['1'],['12'],['2'],['13'],['12']
GGA,['2'],['13'],['23'],['2'],['123'],,['123'],['12'],['12'],['123'],['123'],['12'],['12'],['1'],"['12', '13']",['12'],['2'],['13'],['123']
GGG,['2'],['13'],['23'],['2'],['123'],,['123'],['12'],['12'],['12'],['123'],['12'],['12'],['1'],"['12', '13']",['12'],['2'],['1'],['123']
CAT,['12'],['12'],['1'],['13'],['12'],['12'],,['13'],['2'],['123'],['1'],['2'],['3'],['2'],['12'],['12'],['12'],['123'],['1']
CAC,['12'],['12'],['1'],['13'],['12'],['12'],,['13'],['2'],['123'],['1'],['2'],['3'],['2'],['12'],['12'],['12'],['123'],['1']
ATT,['12'],['12'],['12'],['123'],['1'],['12'],['12'],['23'],,['3'],['2'],['12'],['123'],"['12', '23']",['2'],['2'],['1'],['123'],['12']
ATC,['12'],['12'],['12'],['123'],['1'],['12'],['12'],['23'],,['3'],['2'],['12'],['123'],"['12', '23']",['2'],['2'],['1'],['123'],['12']
ATA,['12'],['123'],['123'],['12'],['13'],['12'],['123'],['2'],,['3'],['23'],['12'],['12'],['2'],"['12', '23']",['2'],['1'],['123'],['123']
AAA,['12'],['123'],['13'],['1'],['123'],['12'],['13'],,['2'],['23'],['3'],['12'],['1'],['2'],"['12', '23']",['2'],['12'],['123'],['13']
AAG,['12'],['123'],['13'],['1'],['123'],['12'],['13'],,"['12', '23']",['2'],['3'],['12'],['1'],['2'],"['12', '23']",['2'],['12'],['12'],['13']
TTA,['12'],['23'],['123'],['12'],['3'],['12'],['123'],['12'],,['13'],['123'],['12'],['12'],['12'],['2'],['12'],['1'],['23'],['23']
TTG,['12'],['23'],['123'],['12'],['3'],['12'],['123'],['12'],,['1'],['123'],['12'],['12'],['12'],['2'],['12'],['1'],['2'],['23']
CTT,['12'],['12'],['12'],['123'],['1'],['12'],['2'],['123'],,['13'],['12'],['2'],['23'],['2'],['12'],['12'],['1'],['123'],['12']
CTC,['12'],['12'],['12'],['123'],['1'],['12'],['2'],['123'],,['13'],['12'],['2'],['23'],['2'],['12'],['12'],['1'],['123'],['12']
CTA,['12'],['123'],['123'],['12'],['13'],['12'],['23'],['12'],,['13'],['123'],['2'],['2'],['2'],['12'],['12'],['1'],['123'],['123']
CTG,['12'],['123'],['123'],['12'],['13'],['12'],['23'],['12'],,['1'],['123'],['2'],['2'],['2'],['12'],['12'],['1'],['12'],['123']
ATG,['12'],['123'],['123'],['12'],['13'],['12'],['123'],['2'],"['1', '3']",,['23'],['12'],['12'],['2'],"['12', '23']",['2'],['1'],['12'],['123']
AAT,['12'],['12'],['1'],['13'],['12'],['12'],['1'],['3'],['2'],['23'],,['12'],['13'],"['12', '23']",['2'],['2'],['12'],['123'],['1']
AAC,['12'],['12'],['1'],['13'],['12'],['12'],['1'],['3'],['2'],['23'],,['12'],['13'],"['12', '23']",['2'],['2'],['12'],['123'],['1']
CCT,['1'],['12'],['12'],['123'],['12'],['12'],['2'],['123'],['2'],['123'],['12'],,['23'],['2'],['1'],['1'],['12'],['123'],['12']
CCC,['1'],['12'],['12'],['123'],['12'],['12'],['2'],['123'],['2'],['123'],['12'],,['23'],['2'],['1'],['1'],['12'],['123'],['12']
CCA,['1'],['123'],['123'],['12'],['123'],['12'],['23'],['12'],['2'],['123'],['123'],,['2'],['2'],['1'],['1'],['12'],['123'],['123']
CCG,['1'],['123'],['123'],['12'],['123'],['12'],['23'],['12'],['2'],['12'],['123'],,['2'],['2'],['1'],['1'],['12'],['12'],['123']
TAA,['12'],['23'],['13'],['1'],['23'],['12'],['13'],['1'],['2'],['123'],['13'],['12'],['1'],['12'],['2'],['12'],['12'],['23'],['3']
TAG,['12'],['23'],['13'],['1'],['23'],['12'],['13'],['1'],['2'],['12'],['13'],['12'],['1'],['12'],['2'],['12'],['12'],['2'],['3']
TGA,['12'],['3'],['123'],['12'],['23'],['1'],['123'],['12'],['2'],['123'],['123'],['12'],['12'],['1'],['2'],['12'],['12'],['3'],['23']
CAA,['12'],['123'],['13'],['1'],['123'],['12'],['3'],['1'],['2'],['123'],['13'],['2'],,['2'],['12'],['12'],['12'],['123'],['13']
CAG,['12'],['123'],['13'],['1'],['123'],['12'],['3'],['1'],['2'],['12'],['13'],['2'],,['2'],['12'],['12'],['12'],['12'],['13']
CGT,['12'],['1'],['12'],['123'],['12'],['1'],['2'],['123'],['2'],['123'],['12'],['2'],['23'],,['1'],['12'],['12'],['13'],['12']
CGC,['12'],['1'],['12'],['123'],['12'],['1'],['2'],['123'],['2'],['123'],['12'],['2'],['23'],,['1'],['12'],['12'],['13'],['12']
CGA,['12'],['13'],['123'],['12'],['123'],['1'],['23'],['12'],['2'],['123'],['123'],['2'],['2'],,"['12', '13']",['12'],['12'],['13'],['123']
CGG,['12'],['13'],['123'],['12'],['123'],['1'],['23'],['12'],['2'],['12'],['123'],['2'],['2'],,"['12', '13']",['12'],['12'],['1'],['123']
AGA,['12'],['13'],['123'],['12'],['123'],['1'],['123'],['2'],['2'],['23'],['23'],['12'],['12'],,['3'],['2'],['12'],['13'],['123']
AGG,['12'],['13'],['123'],['12'],['123'],['1'],['123'],['2'],"['12', '23']",['2'],['23'],['12'],['12'],,['3'],['2'],['12'],['1'],['123']
TCT,['1'],['2'],['12'],['123'],['2'],['12'],['12'],['123'],"['23', '12']",['123'],['12'],['1'],['123'],['12'],,['1'],['12'],['23'],['2']
TCC,['1'],['2'],['12'],['123'],['2'],['12'],['12'],['123'],"['23', '12']",['123'],['12'],['1'],['123'],['12'],,['1'],['12'],['23'],['2']
TCA,['1'],['23'],['123'],['12'],['23'],['12'],['123'],['12'],['2'],['123'],['123'],['1'],['12'],['12'],,['1'],['12'],['23'],['23']
TCG,['1'],['23'],['123'],['12'],['23'],['12'],['123'],['12'],['2'],['12'],['123'],['1'],['12'],['12'],,['1'],['12'],['2'],['23']
AGT,['12'],['1'],['12'],['123'],['12'],['1'],['12'],['23'],['2'],['23'],['2'],['12'],['123'],"['1', '3']",,['2'],['12'],['13'],['12']
AGC,['12'],['1'],['12'],['123'],['12'],['1'],['12'],['23'],['2'],['23'],['2'],['12'],['123'],"['1', '3']",,['2'],['12'],['13'],['12']
ACT,['1'],['12'],['12'],['123'],['12'],['12'],['12'],['23'],['2'],['23'],['2'],['1'],['123'],"['12', '23']","['1', '2']",,['12'],['123'],['12']
ACC,['1'],['12'],['12'],['123'],['12'],['12'],['12'],['23'],['2'],['23'],['2'],['1'],['123'],"['12', '23']","['1', '2']",,['12'],['123'],['12']
ACA,['1'],['123'],['123'],['12'],['123'],['12'],['123'],['2'],['2'],['23'],['23'],['1'],['12'],['2'],['1'],,['12'],['123'],['123']
ACG,['1'],['123'],['123'],['12'],['123'],['12'],['123'],['2'],"['12', '23']",['2'],['23'],['1'],['12'],['2'],['1'],,['12'],['12'],['123']
GTT,['2'],['12'],['2'],['23'],['1'],['2'],['12'],['123'],['1'],['13'],['12'],['12'],['123'],['12'],['12'],['12'],,['123'],['12']
GTC,['2'],['12'],['2'],['23'],['1'],['2'],['12'],['123'],['1'],['13'],['12'],['12'],['123'],['12'],['12'],['12'],,['123'],['12']
GTA,['2'],['123'],['23'],['2'],['13'],['2'],['123'],['12'],['1'],['13'],['123'],['12'],['12'],['12'],['12'],['12'],,['123'],['123']
GTG,['2'],['123'],['23'],['2'],['13'],['2'],['123'],['12'],['1'],['1'],['123'],['12'],['12'],['12'],['12'],['12'],,['12'],['123']
TGG,['12'],['3'],['123'],['12'],['23'],['1'],['123'],['12'],['2'],['12'],['123'],['12'],['12'],['1'],['2'],['12'],['12'],,['23']
TAT,['12'],['2'],['1'],['13'],['2'],['12'],['1'],['13'],"['23', '12']",['123'],['1'],['12'],['13'],['12'],['2'],['12'],['12'],['23'],
TAC,['12'],['2'],['1'],['13'],['2'],['12'],['1'],['13'],"['23', '12']",['123'],['1'],['12'],['13'],['12'],['2'],['12'],['12'],['23'],
